,Employee_ID,Name,Age,Position,Salary,Interest
0,1001,John Doe,35,Manager,75000.5,15000.1
1,1002,Jane Smith,28,Developer,60000.75,12000.150000000001
2,1003,Michael Johnson,42,Analyst,55000.25,11000.050000000001
3,1004,Emily Davis,30,Designer,58000.0,11600.0
4,1005,Robert Brown,45,Engineer,80000.2,16000.04
5,1006,Sarah Wilson,37,Marketer,62000.8,12400.160000000002
6,1007,David Lee,33,Project Manager,70000.0,14000.0
7,1008,Amanda Taylor,29,HR Specialist,53000.5,10600.1
8,1009,Christopher Clark,38,Data Scientist,85000.6,17000.120000000003
9,1010,Lauren Martinez,31,Financial Analyst,60000.4,12000.080000000002
10,1011,Matthew Hernandez,39,Software Engineer,72000.9,14400.18
11,1012,Stephanie White,27,Marketing Manager,65000.25,13000.050000000001
12,1013,James Moore,40,Systems Analyst,68000.7,13600.14
13,1014,Emma Thompson,32,Graphic Designer,57000.35,11400.07
14,1015,Aaron Harris,34,Product Manager,77000.6,15400.120000000003
15,1016,Olivia Garcia,26,Software Developer,61000.45,12200.09
16,1017,Nathan Scott,41,Business Analyst,64000.8,12800.160000000002
17,1018,Grace Walker,33,UX Designer,59000.7,11800.14
18,1019,Brandon Evans,36,Marketing Specialist,63000.2,12600.04
19,1020,Chloe Rodriguez,29,Data Analyst,56000.3,11200.060000000001
20,1021,Daniel King,43,Technical Lead,78000.4,15600.08
21,1022,Sophia Carter,31,Accountant,59000.55,11800.11
22,1023,William Allen,35,Quality Assurance,67000.5,13400.1
23,1024,Mia Perez,28,UX Researcher,64000.8,12800.160000000002
24,1025,Logan Wright,39,Software Architect,85000.9,17000.18
25,1026,Ella Lopez,32,HR Manager,69000.75,13800.150000000001
26,1027,Lucas Hall,37,Database Administrator,72000.6,14400.120000000003
27,1028,Lily Green,30,Technical Writer,61000.25,12200.050000000001
28,1029,Gabriel Cook,44,Operations Manager,79000.7,15800.14
29,1030,Samantha Rivera,27,Content Writer,54000.4,10800.080000000002
30,1031,Isaac Stewart,35,Project Engineer,73000.85,14600.170000000002
31,1032,Hannah Bailey,29,UX/UI Designer,67000.2,13400.04
32,1033,Alexander Hill,38,Data Analyst,61000.6,12200.12
33,1034,Victoria Turner,33,Marketing Coordinator,58000.75,11600.150000000001
34,1035,Jacob Murphy,40,Software Developer,75000.4,15000.08
35,1036,Abigail Cooper,31,HR Generalist,56000.9,11200.18
36,1037,Nicholas Torres,36,Technical Support,64000.25,12800.050000000001
37,1038,Ava Reed,42,Financial Manager,78000.7,15600.14
38,1039,William Stewart,27,Network Administrator,69000.8,13800.160000000002
39,1040,Emily Ross,34,Social Media Manager,61000.55,12200.11
40,1041,Samuel Brooks,45,Business Development Manager,82000.6,16400.120000000003
41,1042,Grace Coleman,28,UI/UX Designer,63000.35,12600.07
42,1043,Dylan Powell,37,Database Analyst,67000.5,13400.1
43,1044,Lillian Ward,30,Technical Support Specialist,60000.8,12000.160000000002
44,1045,Alexis Ramirez,39,Marketing Director,75000.75,15000.150000000001
45,1046,Justin Butler,32,Web Developer,69000.9,13800.18
46,1047,Hailey Cox,36,Software Tester,64000.25,12800.050000000001
47,1048,Christopher Miller,43,IT Manager,80000.4,16000.08
48,1049,Leah Bennett,26,Content Manager,58000.55,11600.11
49,1050,Brandon Sanders,35,Product Owner,77000.8,15400.160000000002
50,1051,Avery Long,29,Technical Support Engineer,69000.6,13800.120000000003
51,1052,Zoe Murphy,44,Quality Control Specialist,79000.7,15800.14
52,1053,Jason Nguyen,31,UX Designer,61000.4,12200.080000000002
53,1054,Kylie Hughes,38,Data Scientist,85000.55,17000.11
54,1055,Noah Foster,27,Marketing Coordinator,62000.8,12400.160000000002
55,1056,Savannah Carter,42,HR Director,78000.75,15600.150000000001
56,1057,Luke Rivera,34,Software Engineer,75000.2,15000.04
57,1058,Bella Ross,28,UX/UI Designer,64000.35,12800.07
58,1059,Ethan Cox,37,Systems Administrator,67000.5,13400.1
59,1060,Madison Reed,30,Marketing Analyst,60000.8,12000.160000000002
